{
  "center": [
    0.8253307938575745,
    2.3662335872650146,
    1.7917594909667969,
    0.15073439478874207,
    0.6837947964668274,
    1.945910096168518,
    0.4208242893218994,
    0.6931471824645996,
    0.0,
    0.0
  ],
  "scale": [
    0.7488627135753632,
    3.972330927848816,
    1.2039728164672852,
    0.1991444230079651,
    3.090302586555481,
    3.261671304702759,
    0.48255377169698477,
    1.0,
    1.0,
    1.0
  ],
  "feature_names": [
    "packet_count",
    "byte_count",
    "flow_duration_s",
    "packet_rate",
    "byte_rate",
    "avg_packet_size",
    "dst_port_norm",
    "protocol_tcp",
    "protocol_udp",
    "protocol_icmp"
  ],
  "feature_scheme": "insdn_runtime10_v2"
}