{
  "model_name": "mlp_autoencoder_insdn",
  "task_type": "autoencoder",
  "threshold": 0.015539953205734489,
  "best_f1_threshold": 0.019777851179242134,
  "runtime_threshold_key": "threshold",
  "score_direction": "higher_is_attack",
  "seq_len": 4,
  "feature_scheme": "insdn_runtime10_v2",
  "feature_weights": [
    1.2121212121212122,
    1.2121212121212122,
    0.6060606060606061,
    2.121212121212121,
    2.121212121212121,
    1.2121212121212122,
    0.42424242424242425,
    0.36363636363636365,
    0.36363636363636365,
    0.36363636363636365
  ],
  "normalizer": {
    "normal_mean": 0.0073339954017853475,
    "normal_std": 0.005807849316996762,
    "percentile_95": 0.015539953205734489,
    "percentile_99": 0.02844696732237932,
    "percentiles": {
      "0.01": 0.02844696732237932,
      "0.02": 0.0222765551507473,
      "0.05": 0.015539953205734489,
      "0.1": 0.012272773124277592,
      "0.15": 0.010725587373599408,
      "0.2": 0.00963223483413458
    },
    "cdf_scores": [
      0.001841812045313418,
      0.0024990987713593782,
      0.0026979141707190466,
      0.002825709503265706,
      0.0029563007387215616,
      0.0030325498471701117,
      0.003089083766976568,
      0.0031384973395990217,
      0.003179353792875556,
      0.003225675801601467,
      0.0032644473009242033,
      0.003322052272111552,
      0.003365477660539836,
      0.00340241189676351,
      0.003428505732439196,
      0.003462925100530587,
      0.0034916166253575126,
      0.0035216737042494755,
      0.003558326500875117,
      0.0035873354581095764,
      0.0036342730067071304,
      0.0036659628262827593,
      0.0036912110491407724,
      0.0037235871738936733,
      0.003750934328734126,
      0.003785363975303931,
      0.003813913887619373,
      0.003838568707066939,
      0.00386744726744092,
      0.003892357589854817,
      0.003921906400621686,
      0.003946700287823701,
      0.0039657009133704044,
      0.0039915500709496845,
      0.004020271967890574,
      0.00404677832330666,
      0.004067236000681343,
      0.004088873783098393,
      0.004115778225094979,
      0.004136519078352493,
      0.0041578808429665,
      0.004179871182458185,
      0.004205509800295434,
      0.004227029882727107,
      0.004249350883852896,
      0.004270257926709838,
      0.0042860157853320015,
      0.004309870651338118,
      0.004331874583927381,
      0.004357849488774286,
      0.00438197197430023,
      0.0044040097363630135,
      0.004426918846634614,
      0.004450822731096241,
      0.004474687067108537,
      0.004500405755287139,
      0.004521604419110259,
      0.004546026065103223,
      0.004566834420527345,
      0.004588513501718566,
      0.0046082002007819005,
      0.004633356793666605,
      0.004648853048925573,
      0.0046704646841103405,
      0.004692121109358929,
      0.004716731526013745,
      0.004737829597638779,
      0.004761783106617592,
      0.004776775284703053,
      0.004796407639456155,
      0.004820172763874184,
      0.004846503756865485,
      0.004870656103213977,
      0.004890714863305864,
      0.00492233589488133,
      0.004944439029704835,
      0.004965901884938305,
      0.004986443643425428,
      0.00501182316404641,
      0.005032285285093377,
      0.005052746774338598,
      0.005077619306818024,
      0.005099737946524392,
      0.005130358047352813,
      0.0051571191522531475,
      0.005184984655966561,
      0.005211793749719558,
      0.005237986967809985,
      0.005266132415857297,
      0.005297679060967124,
      0.005313122895401177,
      0.005349510669914173,
      0.005383384765018171,
      0.005409073217973187,
      0.005438475516255027,
      0.005474828597832116,
      0.005492136453339203,
      0.005518151164036151,
      0.005550496053212701,
      0.00557842041978884,
      0.005609955655027124,
      0.005639606085254919,
      0.005683604101346216,
      0.00572330950661071,
      0.005758531808141787,
      0.005795204426962227,
      0.005826892279762418,
      0.005873828113135231,
      0.005915517010843034,
      0.005951279970868748,
      0.00599872442570763,
      0.006041944616628651,
      0.006083962835146854,
      0.00612793640519057,
      0.006169453050342187,
      0.006211889392916281,
      0.006267086247066457,
      0.006306840762046713,
      0.006361587728893187,
      0.0064165104746855975,
      0.006465725862800176,
      0.006521394897495682,
      0.006577670520368083,
      0.0066251574978045185,
      0.006693042227389973,
      0.006746753909854433,
      0.006803021305264091,
      0.006878794704437554,
      0.0069380207268062545,
      0.007009920891112269,
      0.007062923034475227,
      0.007124452868092749,
      0.007184453011401483,
      0.007254992256025272,
      0.007318217403269444,
      0.007389782165088243,
      0.007481518004969437,
      0.0075610512188968035,
      0.007622127030419194,
      0.007725924092003294,
      0.00780894014113887,
      0.007907554867616547,
      0.007991033784071705,
      0.008043320273896258,
      0.008113993453470306,
      0.00817786978005464,
      0.008261605399899435,
      0.008374800100623062,
      0.00847483876081717,
      0.008590551626742184,
      0.00868895313885044,
      0.008784515418149718,
      0.008896475859061257,
      0.009007325316381513,
      0.009094865351503518,
      0.009175590974227267,
      0.009300477526632682,
      0.00939143276375592,
      0.009500004589819729,
      0.009608429248196696,
      0.009686108009337481,
      0.009774599210288957,
      0.009893690320153033,
      0.010019514438270326,
      0.010136785547263058,
      0.01024987403041304,
      0.010363115278545332,
      0.010475451809976567,
      0.010625135336052532,
      0.010713602659578,
      0.01081566421324434,
      0.010938574934387626,
      0.011063018350408,
      0.011199476450082643,
      0.01138061449287375,
      0.011571961033845965,
      0.011747657751954677,
      0.011929692808145554,
      0.012125044747550582,
      0.012255791822757251,
      0.01242504144864316,
      0.012622348931454233,
      0.012850413585652651,
      0.01310383407258657,
      0.013438225433642237,
      0.013692004063246237,
      0.01404633671138903,
      0.014451097856140007,
      0.014913494062221526,
      0.015509526582256931,
      0.016164556304788465,
      0.016874456572248057,
      0.018131076746699795,
      0.0190497699413617,
      0.02034955612154461,
      0.022228099190484837,
      0.0254851673827997,
      0.02842234680663093,
      0.037473931515486406,
      0.13135945796966553
    ],