{
  "center": [
    0.6716537475585938,
    1.9314229488372803,
    1.7047480344772339,
    0.15026679635047913,
    0.6808533668518066,
    1.9311726093292236,
    0.433090478181839,
    0.6931471824645996,
    0.0,
    0.0
  ],
  "scale": [
    0.5140866860747337,
    3.4004823565483093,
    1.1631507873535156,
    0.09553182125091553,
    2.6816977858543396,
    2.9772000312805176,
    0.48068105336278677,
    1.0,
    1.0,
    1.0
  ],
  "feature_names": [
    "packet_count",
    "byte_count",
    "flow_duration_s",
    "packet_rate",
    "byte_rate",
    "avg_packet_size",
    "dst_port_norm",
    "protocol_tcp",
    "protocol_udp",
    "protocol_icmp"
  ],
  "feature_scheme": "insdn_runtime10_v2"
}